title,slurs_used,category
Supreme Court rules workers can't be fired for being gay or transgender,8,lgbt
Arizona Senator John McCain has passed away at the age of 81,7,politics
Wife of officer charged with murder of George Floyd announces she's divorcing him,14,race
"Kanye West removed from Illinois Presidential ballot after nearly 2,000 invalid signatures discovered",9,politics
"Black woman shot and killed after Kentucky police entered her home as she slept, family says",9,race
"Fired Wilmington cop: “We are just going to go out and start slaughtering them f—— ni—–. I can’t wait. God, I can’t wait.”",17,race
"Reddit, Acting Against Hate Speech, Bans ‘The_Donald’ Subreddit",10,politics
"American Icon and Playboy Founder, Hugh M. Hefner, Has Died",9,pop culture
Carrie Fisher Dies at 60,5,pop culture
Federal judge rules women can get abortion pill without doctor visits,10,gender
Woman who lied about being raped on college campus gets jail,14,gender
Bill Cosby found guilty on all sex assault charges,4,pop culture
Judge Who Advised Woman to 'Close Your Legs' to Avoid Sexual Assault Permanently Removed From the Bench,12,gender
Joe Biden selects Kamala Harris as his running mate,6,politics
Ellen Pao Is Stepping Down as Reddit’s Chief,12,pop culture
